team_id,watchlist,benchmark,ID,Created At,Rebalance,Index Name,Frequency,Stage,Action,max_drawdown_itd,returns_1y,returns_itd,returns_ytd,returns_7d,returns_30d,volatility_1y,volatility_itd,volatility_ytd,volatility_7d,volatility_30d,returns_annualized_1y,returns_annualized_itd,returns_annualized_10y,returns_annualized_5y,returns_annualized_3y,sharpe_1y,sharpe_itd,sharpe_ytd,sharpe_7d,sharpe_30d,sortino_itd
0a5ca9c3-8f16-4433-b6b2-cebd80ca26a8,,BBG000Q126X6,022202f7-d1e6-435c-9764-3928e63e05f7,2025-01-09 14:34:44,2025-02-03 21:00:00,BX ARAM Plus Alpha Fixed Income ,eod,live,,0.0781570642464852,0.08176386583992601,0.8784492799614769,0.006262848728180392,"'-0.00349958293718855",0.0032401679926228333,0.028607379731029798,0.045950521700155525,0.03805697491295739,0.0610807657487271,0.035301872794967125,0.08199745968030037,0.07168024449742516,,0.0744611762376115,0.05968678679888395,2.8663044449107486,1.5599440843167305,1.6692254654762004,"'-3.144324348107753",1.1771539346520452,2.0046785590744536
0a5ca9c3-8f16-4433-b6b2-cebd80ca26a8,,BBG005D26798,eb7fd34b-192c-437d-aa65-6ccd2b4b5cd1,2024-12-13 00:00:00,2025-01-24 21:00:00,BX US Dividend Growth Titans 20,realtime,live,,0.4139650039439384,0.2223067376549488,2.3949736143914127,0.014209830908535004,0.01188384108876872,0.024965334583747056,0.12109601404951345,0.1874409427158865,0.14197294193447207,0.09709590997630999,0.15306180746975181,0.2229810050489398,0.1435950499042291,,0.1361538960858597,0.13805544070606768,1.8413570983250354,0.7660815605365539,1.0519195543364568,10.83162298433924,2.3775815837551924,0.9072153379747574
0a5ca9c3-8f16-4433-b6b2-cebd80ca26a8,,BBG000KD8XJ7,1036b7f0-ddf2-43b0-8de2-964e14332004,2024-11-27 17:14:39,2025-01-31 21:00:00,BX/AI Funds Tactical Growth,eod,live,,0.23746310473117246,0.3250231655372784,35.71118215921534,0.01711686411864255,"'-0.0023969204917952958",0.003479821856614107,0.13746960141155146,0.15888021311135142,0.1264342037986755,0.02676916030076834,0.12245453151266336,0.32604801550078477,0.19625604570690447,0.24144697738696252,0.30242418319249365,0.21460190945208746,2.3717826497850543,1.2352453578933593,1.4415293936450007,"'-5.074184644547783",0.3649649182268678,1.5478791046845188
0a5ca9c3-8f16-4433-b6b2-cebd80ca26a8,,"BBG000BDTF76,BBG000KD78D9",86edcca7-3bd4-4e4c-801d-cb1a6effcf9d,2024-11-27 17:05:19,2025-01-31 21:00:00,BX/AI Funds S&P 500 AI Growth,eod,live,,0.2827318119094748,0.28455324936808557,21.133810353312708,0.024666778303069403,"'-0.0018682031607588634",0.018774022323880812,0.12060822813667957,0.14166484017340691,0.12127832517845939,0.021180569610938824,0.12295118654489716,0.2854372519032029,0.1665286853650565,0.21691900993164515,0.2868866145695963,0.19432389844348985,2.366648248739136,1.1755117583248929,2.2405862387431266,"'-5.076525310606403",2.145360929875071,1.4119777308296053
0a5ca9c3-8f16-4433-b6b2-cebd80ca26a8,,BBG004TRTXH8,795d703c-b462-434a-9754-27327e667fe8,2024-11-01 10:26:50,2025-01-30 21:00:00,BX/OPS Quality Factor Index,eod,live,,0.3401329612930005,0.20364434225759642,2.3982828375492398,0.045601556720001435,0.009927661756164774,0.03650915843124247,0.13178787734829917,0.18953102132614305,0.11134353605718418,0.08460737234689376,0.117151480312223,0.20425741092059235,0.16794510992182188,,0.15660433365265414,0.12406081237989142,1.5498952940926813,0.8861088213777081,4.962555021789383,9.737438468260512,4.868802571387101,1.0674338752576322
0a5ca9c3-8f16-4433-b6b2-cebd80ca26a8,,BBG000BDTF76,c1cbf6e9-ad26-45f7-a238-6330a62708c4,2024-10-31 00:00:00,2024-12-23 21:00:00,BX/Adaptive US Growth-Value Rotation ETF,realtime,live,,0.32768704707352125,0.2369959194717104,3.9815870026790954,0.016984440287334257,"'-0.011190747239397392",0.013624515253001679,0.1293884095614772,0.17647498518488172,0.1191050673864014,0.09576161379364335,0.1222814906062193,0.23771890940989904,0.19276022474820453,,0.20307929680218906,0.14590336060514675,1.8372504169080925,1.092280724921222,1.5174925514819761,"'-5.176523769988116",1.5185300712652756,1.303809505848651
0a5ca9c3-8f16-4433-b6b2-cebd80ca26a8,,BBG000BDTF76,e17a0bd8-b94c-4afc-a131-4f28a6a8b93c,2024-08-08 19:48:25,2025-01-10 21:00:00,BX/Adaptive US Growth-Value Rotation 10,realtime,live,,0.3036032343731277,0.10042058362039219,10.729999700677109,0.047039953470673135,0.005296661045961493,0.03833036117536692,0.2110819846283822,0.20359774269344347,0.23390056409332108,0.1592948223034891,0.25144549661333276,0.10070991271489604,0.31033271775987514,,0.4087519194109941,0.2693989479476422,0.47711278104666127,1.5242443931568643,2.4529508773916655,2.379276159252275,2.4079639402764483,1.9095521901659205
0a5ca9c3-8f16-4433-b6b2-cebd80ca26a8,,BBG000BDTF76,109551c9-8a8b-4bb7-8899-bd3d29287ef5,2024-08-01 12:25:02,2025-02-06 21:00:00,BX/Adaptive Growth-Value Rotation Strategy,eod,live,,0.12625098641474236,0.22235106353832412,0.8553726145063498,0.05858423131726287,0.02136499677573278,0.046120437897292366,0.16550456678719272,0.16604770056540677,0.1992696236493036,0.13809985602451283,0.20926366341450836,0.22302547722782684,0.2499923301510829,,,,1.3475487810230338,1.50554526982209,3.781453994294624,18.95973728348893,3.6501315576049,2.1320678237998316
0a5ca9c3-8f16-4433-b6b2-cebd80ca26a8,,BBG000TH7FP2,5ce7562c-f4ea-4381-96d9-f37262d33ea3,2024-07-31 14:06:53,2024-12-30 21:00:00,BX AC World ex-US ex-EU,eod,live,,0.35171466072106183,0.25150269591131846,3.1230828024208908,0.0667207787589148,"'-0.0029452975998143227",0.05588489232551108,0.30111479907396643,0.20432788189475848,0.1013727137851429,0.1112685351632749,0.11370929089904197,0.2522742752957279,0.16824963589606434,,0.23551503136194984,0.22823651042675341,0.8378009851111925,0.8234296481511189,8.790437447614101,"'-1.4762403801394488",8.641655918963279,1.0594585722009513
0a5ca9c3-8f16-4433-b6b2-cebd80ca26a8,,BBG006MJBT59,933bdf75-683f-49ad-9a45-2f3b1173a0ba,2024-07-29 00:00:00,2025-01-17 16:30:00,BX EU Large Cap Momentum 20,eod,live,,0.2997759696010597,0.18813562218709845,1.761188295500253,0.10314818770362688,0.012293444721157343,0.08114430309064691,0.1202407564870483,0.14650250299547565,0.12304655315727948,0.17242814298175166,0.13732721998081987,0.188698440074907,0.1179466200759367,,0.10756970716821601,0.12974913565373147,1.5693384305614595,0.8050826276980345,13.277627033477241,6.39597509406602,12.158745518142005,1.0481723122820426
0a5ca9c3-8f16-4433-b6b2-cebd80ca26a8,,BBG000DVN6Y0,42d823a9-7901-480a-910d-e52283a1d2c6,2024-07-26 15:23:44,2025-01-30 21:00:00,BX/Syntax AI Index ,eod,live,,0.5193822441612149,0.3268624320660165,1.964423413069801,0.06834782161389552,0.03660648019896895,0.0734967338333361,0.2526399092180251,0.30813032243329086,0.312380064899199,0.2733042392051101,0.314215386175352,0.32789376498118106,0.18557553747551214,,0.18008189486331339,0.12450374125711905,1.297870023766565,0.6022631463532402,2.944357201474278,28.939782718688747,4.587753446874536,0.8086968486181995
0a5ca9c3-8f16-4433-b6b2-cebd80ca26a8,,BBG001VDB555,8307849d-329a-49dc-b131-3dd9aeff5f1a,2024-07-26 15:22:53,2025-01-21 21:00:00,BX/Syntax Cloud Compute Index,eod,live,,0.3973194962953312,0.40334367704099616,7.744563164341626,0.07478119944754025,0.03169638304524547,0.06306184020598615,0.2618424753045568,0.23350371110542217,0.3274791373170175,0.2685008672991665,0.3303997360196285,0.40465069700005607,0.19990263952612497,0.20891837257389412,0.2522337828538077,0.21748869135157967,1.5453974628424774,0.8561004815716741,3.1662865273685967,21.133380220474482,3.5081503810894437,1.120470365577289
0a5ca9c3-8f16-4433-b6b2-cebd80ca26a8,,BBG001P2KBV4,d31227cc-2ea6-4dd5-b410-e3cfcd6ab8fe,2024-07-26 15:21:31,2025-01-24 21:00:00,BX/Syntax Defensive Index,eod,live,,0.2726152710362204,0.06850361861630572,2.332609726144155,0.014506713743700494,0.006011762570499846,0.020859354051481205,0.09830841513648424,0.13788300249324809,0.13380614245367442,0.12681419951935868,0.1494353071774726,0.06869813680388015,0.10646098087228029,0.08341655334106335,0.07210485697964697,0.05115652661106673,0.6988022002847332,0.7721109850178488,1.1409592532970378,3.469387868799821,1.9856208000341307,0.9796402921218661
0a5ca9c3-8f16-4433-b6b2-cebd80ca26a8,,BBG000BDTF76,7115a379-176f-4304-aae8-b1f56f0098f5,2024-07-26 15:20:23,2025-02-06 21:00:00,BX/Syntax Market Share Leaders Index,eod,live,,0.31715057651802386,0.10460593943666274,4.159234766395366,0.03798422306087468,0.00240550922006455,0.033889894259452324,0.1039786740938291,0.15752807615060316,0.08950820274415644,0.05664600900725076,0.09486571083353564,0.10490789212757234,0.14785607291856073,0.13556978582176726,0.12408373776652382,0.0695539835272605,1.008936621300871,0.9386014006620915,4.966101072551723,2.7783190120309293,5.493716389369546,1.1235281808898085
0a5ca9c3-8f16-4433-b6b2-cebd80ca26a8,,BBG002XRNHP9,88e539f2-5310-4d87-a9d1-74f77006132f,2024-07-26 15:19:36,2025-02-06 21:00:00,BX/Syntax Moat Index,eod,live,,0.3119113924124634,0.0744852827042004,3.6369612677717154,0.02349193704719532,"'-0.0021131772471046917",0.017314048155869566,0.10803776962053256,0.15673264238009665,0.10264179509052831,0.07163110938163508,0.10978406666422316,0.0746973720191284,0.13760610513116345,0.12235600425916315,0.12832994578519963,0.06771243207151834,0.6914005378072168,0.8779671103703534,2.5079771827332267,"'-1.685740047302919",2.1967519736176415,1.0630629965892828
0a5ca9c3-8f16-4433-b6b2-cebd80ca26a8,,BBG000BWDXQ1,1c40173c-e5ec-4243-8bf6-742a3e40c75d,2024-07-26 15:17:59,2025-02-06 21:00:00,BX/Syntax Inflation Beneficiaries Index,eod,live,,0.4559107685889758,0.052251595330206735,1.2683496061196067,0.03535269333146118,"'-0.0029768722701808414",0.01781335695333852,0.14206164759826617,0.2109158303522028,0.1404873181333272,0.13096675934800234,0.15468689602788496,0.05239884062005107,0.07125965805032308,0.06764908373924428,0.11670732767325243,0.0357551939539702,0.3688457898801012,0.337858272332278,2.9097527675063746,"'-1.266486304533927",1.6087817507599689,0.41735413749004
0a5ca9c3-8f16-4433-b6b2-cebd80ca26a8,,BBG000BWDXQ1,552d7867-7586-4a15-8b33-b3304715d964,2024-07-26 15:16:24,2025-02-06 21:00:00,BX/Syntax Real Asset Ecosystem Index ,eod,live,,0.45880045353245136,0.14022900645854963,1.6465254942097958,0.017780789685633236,0.009280557617749707,0.026201747900003625,0.13476529306129562,0.19196229237004345,0.13757315893582275,0.11755460533074977,0.1482316856027846,0.14064015544387987,0.08523238901085661,0.08002654427940437,0.08448590981073578,0.02791097144448562,1.0435932891112563,0.44400589281646596,1.3803101020439328,6.415006027791784,2.5957353232354885,0.5353436666329698
0a5ca9c3-8f16-4433-b6b2-cebd80ca26a8,,BBG000TH7FP2,0d6892b0-644c-4c85-aee8-13ee9d2d62bb,2024-06-17 13:50:26,2024-12-23 21:00:00,BX International Momentum 25 Index,realtime,live,,0.39403696757665635,0.08524814912357392,2.3431832074770687,0.0846287663849501,0.059443413733169415,0.08725647870294906,0.17043028115254746,0.19000648279354682,0.2003748166233048,0.10851928631610253,0.22259351365207003,0.08549208507151729,0.1416668420362852,,0.1207033718471946,0.09158624974743312,0.5016249723545059,0.7455895185966604,6.13179947675197,299.8552490818027,8.38316957774741,0.9282606765107598
0a5ca9c3-8f16-4433-b6b2-cebd80ca26a8,,BBG000TH7FP2,365635c1-61e6-4a5f-ab3e-877784249180,2024-06-17 13:48:14,2024-12-15 12:22:41,BX International Momentum 10 Index,realtime,live,,0.3860245113298752,0.2899298838040296,3.5721117121451167,0.055748695601262055,0.031235185837238832,0.051793108579120783,0.20874423784165252,0.22627316209300605,0.22278966178978718,0.3464519213898111,0.24666770720959494,0.2908323985406367,0.1815822359330963,,0.19297058444419313,0.16693091018753892,1.3932475528318724,0.8024912643350066,3.176717007644594,15.861462030523734,3.600294420428614,1.0586938120254763
0a5ca9c3-8f16-4433-b6b2-cebd80ca26a8,,BBG004FPTZY3,80f54c64-da7a-435c-8c6c-e98a2e7fd2f8,2024-06-17 13:36:09,2025-01-10 21:00:00,BX US Large Cap Momentum 10 Index,realtime,live,,0.3036032340246509,0.25495581137537626,3.7577911084332998,0.047039963789865524,0.005296670953749638,0.03833037140872175,0.23533516398165968,0.21846256526088162,0.23390056050044264,0.15929476525107178,0.2514454921713469,0.255739025231873,0.18675697399237512,,0.28154432741592816,0.22970652278905912,1.0867012855410059,0.8548694544960387,2.452951569220443,2.3792822016633575,2.4079647748350954,1.0775854461413732
0a5ca9c3-8f16-4433-b6b2-cebd80ca26a8,,BBG001P2KBV4,5586b8a2-f1c2-4f7a-9e23-478f09ff9cf8,2024-06-03 14:27:20,2025-02-06 21:00:00,BX/Ascent Systematic Risk-Managed,eod,live,,0.3206982217215115,0.18916450283982433,0.87955069721052,0.09870013357669127,0.027450401712860062,0.07753977103868626,0.19651540968805803,0.2041309509281655,0.203050364071276,0.16884944672287977,0.2057352641684644,0.18973063726830985,0.11615152591885436,,0.08736048697198173,0.06416403356185008,0.9654746035920638,0.5690049715181533,7.53929564555457,24.835207613253985,7.581768358699344,0.6474871751311713
0a5ca9c3-8f16-4433-b6b2-cebd80ca26a8,,BBG00B6WD8K4,c621b06b-4f8f-49ac-8938-759055cf3905,2024-04-26 09:12:54,2025-02-06 21:00:00,BX GB Market Smart Income Index,eod,live,,0.3852686594351619,0.17277390156199424,2.968211449498825,0.04989559466881799,0.009962093178212728,0.03568894628095198,0.1276729780829651,0.16373108533169328,0.09475321516053145,0.09710623900878843,0.10217452406764352,0.17328749499453955,0.12603992347178594,0.12419994606593487,0.12217370932604643,0.12434468284246614,1.357276203598329,0.7697983752837709,6.507469279813803,8.523094023306339,5.430103895235679,0.897549674548951
0a5ca9c3-8f16-4433-b6b2-cebd80ca26a8,,BBG0025X2G45,da90c827-f14c-4775-89d1-aff503e1db70,2024-04-26 09:10:27,2025-02-06 21:00:00,BX GB Market Lite Index,eod,live,,0.3378274450797117,0.16059899573835756,3.26171946323789,0.03644789872563936,0.008646447531683421,0.03146802986325081,0.0914146836356793,0.14188098149797496,0.08176973973277703,0.06395010597187223,0.08274857230063949,0.1610739699891326,0.13298144402282808,0.12497500299448205,0.11739607100060612,0.10181938276483704,1.762014192720623,0.9372746270769637,5.179829832036566,10.763320180656683,5.763489466804403,1.1001812181089938
0a5ca9c3-8f16-4433-b6b2-cebd80ca26a8,,BBG005D26798,5411ca7e-ba37-4a55-834e-ef24c3daedde,2024-03-15 00:00:00,2025-01-31 21:00:00,BX US Dividend Growth Titans 10,realtime,live,,0.45974912666941625,0.2177851192564837,2.701815407330419,0.018701475969473247,0.009196404046251994,0.03864871672591952,0.12736494808157814,0.20202667496982246,0.181366854609626,0.10793259813515862,0.1922401507916884,0.21844448656603777,0.15450923069169065,,0.14861346973442813,0.14391560532513425,1.7151067845300934,0.7647961870122859,1.105795430750169,6.904663995600911,3.181844034054808,0.892078406557406
0a5ca9c3-8f16-4433-b6b2-cebd80ca26a8,,BBG005YW3DX2,f267647f-b56a-4780-bcfc-919c92de6b6c,2024-01-22 12:21:03,2025-01-01 08:46:58,BX Fantastic Five Trend Capture,eod,live,,0.4196429653853349,0.3224572189864259,3.7301376810613336,0.06637793623188659,0.012318643784645422,0.060979112546738046,0.15014477998206052,0.20599057300301835,0.1326945044030103,0.11891271390771947,0.1401758734446184,0.3234730363956646,0.18599781483097266,,0.2157924827838018,0.2696112090656919,2.15440747546677,0.9029433343449521,6.6703830045748465,9.301216332527893,7.893311464550116,1.0495605816830742
0a5ca9c3-8f16-4433-b6b2-cebd80ca26a8,,BBG00H31MJH2,4161f28b-480d-4899-a7d8-d027f524d062,2024-01-22 12:19:46,2025-01-29 21:00:00,BX US SMID Cap Trend Capture,eod,live,,0.530575849571561,0.193151038494634,6.910653414747318,0.040094710476321405,0.020939999411982102,0.03955985760611758,0.2202156227000505,0.2603173033376705,0.18214377687534025,0.26321890374204543,0.1969876606527785,0.1937300464543661,0.2046756465947659,0.2073864521375397,0.3064623402445028,0.17885693560320282,0.8797288951576353,0.7862544823970881,2.600928361226101,9.603703363078461,3.1959543074510512,1.0062135579861187
0a5ca9c3-8f16-4433-b6b2-cebd80ca26a8,,BBG000BDTF76,199552d7-d517-42a1-9183-245004a6afc8,2024-01-22 12:17:15,2025-01-08 21:00:00,BX US Large Cap Trend Capture,eod,live,,0.44061034408692,0.5594328562993718,9.001642547851363,0.11784655369850672,0.022214429633028665,0.11414703536459836,0.2943228237927507,0.214761088145368,0.28975281557195387,0.22095073940826324,0.3019167498557525,0.5613375642821885,0.23038479602585604,0.2285778823100173,0.3156375261122093,0.30048922084396756,1.907217242103718,1.0727492490162494,6.906310635185813,12.69979499469667,9.598265088340986,1.3703410219593188
0a5ca9c3-8f16-4433-b6b2-cebd80ca26a8,,BBG00B6WD8K4,84d97a78-3915-493b-ac2e-df5dad1493a1,2024-01-22 12:15:57,2025-01-31 21:00:00,BX High Dividend Trend Capture,eod,live,,0.3442806993425424,0.30189133745219676,6.02724959972233,0.0481392202692259,0.012955684029448689,0.042876725616652456,0.12538886987305162,0.2154272870354161,0.13549144231425514,0.08479370533717501,0.14419345082093857,0.3028352577059261,0.12866240290796638,0.11395864272686596,0.1294855636488519,0.07680361135557279,2.4151685712817086,0.5972428315769226,4.355417754001171,14.01273969990394,4.828423892643157,0.7566719419747727
69e8fc9b-3407-41fa-aeec-fc4cc8513f1a,true,BBG000BDTF76,866fcfe8-4cb3-4f08-b345-7167840b7f3e,2024-01-12 14:59:33,2025-02-04 21:00:00,BX Smart Alpha US Large-Cap Multi-Factor Strategy,eod,live,,0.3857311388165019,0.18882726351204848,2.776955776282056,0.07604093809553314,0.012042295969873162,0.061372837472059016,0.13841082621389622,0.21858904707430926,0.11717991959405015,0.07164420711442587,0.12679125185680756,0.18939231059754946,0.21023718616638987,,0.22375922455989916,0.16801764655971385,1.3683345138397476,0.9617919515195097,9.050757819707915,14.95365783500815,8.804326579504423,1.203852139921842
69e8fc9b-3407-41fa-aeec-fc4cc8513f1a,true,BBG000CFBL30,6df7785f-1959-4ec9-9e62-1cc2a9b52867,2024-01-12 14:57:02,2024-12-18 21:00:00,BX Smart Alpha US Tech & Innovation Strategy,eod,live,,0.47996653775141285,0.15911894723061426,1.9208825411714083,0.06975883073199052,0.00835576348607292,0.06095703539330044,0.2415888367855092,0.3181418523666061,0.17193505886214214,0.18296564368610066,0.18061550088049197,0.15958925064321283,0.17523224501957535,,0.1384195741900902,0.07628889570359165,0.6605820565496643,0.550799097057023,5.495783148108608,3.6016062046442947,6.12295299053153,0.7719624028301211
69e8fc9b-3407-41fa-aeec-fc4cc8513f1a,true,BBG000BWDKM3,e55ca55a-d769-4b37-b6a7-07f68daa6987,2024-01-12 14:53:05,2025-02-06 21:00:00,BX Smart Alpha US Large-Cap Growth Strategy,eod,live,,0.3632270933758102,0.19679411580818806,2.0761461870117275,0.04842036618576606,0.008128150574072013,0.041312530045943596,0.14825928479402292,0.19774053975355307,0.1305413568571119,0.08729673632656565,0.13821227996084962,0.19738492029154697,0.17509184212839268,,0.21247183940274428,0.15128257739225237,1.3313494703942115,0.8854625477740286,4.552844039475266,7.289423169267217,4.807696655265458,1.1285076582598828
69e8fc9b-3407-41fa-aeec-fc4cc8513f1a,true,BBG000CG9YX0,a0b96d90-58e7-4a21-ab7c-2d80ee89d803,2024-01-12 14:50:59,2025-02-04 21:00:00,BX Smart Alpha US Large-Cap Value Strategy,eod,live,,0.41313642829360403,0.10949860467520911,2.606521708969801,0.03884549278891747,0.004618386707765598,0.037515494871173116,0.12613221405897876,0.2260808986945333,0.10880332900269109,0.04924230448954362,0.11955870635933266,0.1098153696910873,0.20223973675304152,,0.18718298745253947,0.12965641095778802,0.8706369781136023,0.8945458812347323,4.194487643358143,6.570235351660232,4.932184418784651,1.1338492131994788
0a5ca9c3-8f16-4433-b6b2-cebd80ca26a8,,BBG000CG9YX0,8091366d-8285-4b59-9518-c16b0d9f4646,2023-11-23 15:32:44,2025-02-03 21:00:00,BX/FT ValueMomentum Leadersâ„¢ Index,eod,live,,0.5463836686252589,0.36124798672783487,6.987500571558988,0.08563757569925645,0.015247497831594625,0.06896808704978108,0.1858806979721942,0.2116034503832792,0.19602271804712149,0.1545011252948887,0.21195254357962803,0.36240180371188524,0.09207103060787425,0.1031521740985073,0.16486530037746405,0.2246951116847542,1.9496473150003812,0.43511119710527013,6.372686123320284,9.77782698010727,6.204350159362255,0.539978777311748
0a5ca9c3-8f16-4433-b6b2-cebd80ca26a8,,BBG000D2LV99,35efdc88-dc33-405a-8ed6-049dfd1c7cb5,2023-11-23 15:24:46,2025-02-03 21:00:00,BX/FT International Leaders Index,eod,live,,0.5933832485152908,0.10406517453364272,2.25254002549354,0.07622870790611413,0.01835164041829973,0.054925232629138954,0.12173174558977622,0.2108006832823755,0.12909256601930613,0.24009028789255335,0.14470911374716933,0.1043654937430607,0.05139252440504749,0.056179265396626654,0.07511805597997312,0.07263097985464295,0.8573399916137073,0.24379676386629762,8.243053515365814,8.42626831217053,6.634522193038096,0.3072721146973735
0a5ca9c3-8f16-4433-b6b2-cebd80ca26a8,,BBG000BDTF76,68f497f2-e2e1-4282-8ad2-cefbfe20376e,2023-11-23 15:14:20,2025-02-06 21:00:00,BX/FT American Leaders Index ,eod,live,,0.5138582639827394,0.32920214023498495,5.606155711080404,0.05686512299713464,0.016568736832045072,0.05530449877179633,0.12511004385530064,0.1820361261730521,0.11355732770482992,0.09045423921679353,0.11726708041022062,0.3302417301892626,0.08352889216509385,0.14636403211334348,0.16498442022012316,0.2000430590070792,2.639610058575413,0.4588588755491718,6.3900615631464035,18.986305101027092,8.262878510166294,0.5700474448762858
0a5ca9c3-8f16-4433-b6b2-cebd80ca26a8,,BBG000BWCST0,cf425d7f-ea88-4365-a19d-d7d2feef8230,2023-11-23 14:58:29,2025-02-06 21:00:00,BX/FT American Disciplined Small Cap Index,eod,live,,0.5546426314198565,0.17609890000727835,5.452155562880946,0.024609704718039138,0.0007870366301145904,0.03377211766325994,0.1980118243501756,0.24017896102927375,0.15500584925763192,0.21519843147271198,0.1669885389592561,0.17662310114747704,0.10390450089878822,0.1359660936623377,0.19372435700574742,0.09060010567978427,0.8919825961258075,0.4326128335867188,1.7485529792725751,0.2278035871986019,3.1079123797039587,0.5700077987053821
0a5ca9c3-8f16-4433-b6b2-cebd80ca26a8,,BBG000BWCBM4,3918eb2d-46ca-4b58-acfb-46468bf66b45,2023-11-23 14:16:37,2025-02-06 21:00:00,BX/FT American Disciplined Mid Cap Index,eod,live,,0.546222459969542,0.1662655923766334,5.0879096108883095,0.054050442784302044,0.00717006459573688,0.041750374770543,0.17727658224442647,0.22140411896285603,0.14355608494891434,0.17946463773455348,0.15730633904567892,0.166758497684373,0.10050856775788652,0.11737360252341511,0.15398148385001464,0.12519074808480002,0.9406685055245974,0.4539597918444706,4.742627424289644,3.0333562197267567,4.280265731408286,0.5650890530956713
0a5ca9c3-8f16-4433-b6b2-cebd80ca26a8,,BBG000Q126X6,a528c926-abb3-4335-aebb-978264bdfaaa,2023-11-15 18:56:59,2025-02-03 21:00:00,BX/FolioBeyond Dynamic Volatility Fixed Income Index,eod,live,,0.13153354906700507,0.10985625558773271,0.9527906842248872,0.012831861960020063,0.0017436091311158197,0.009982174940520006,0.03763409706623671,0.04571312127570289,0.032602531445049474,0.05234888506902658,0.030372977079183253,0.11017410571077013,0.048595217624284315,0.04190192933650283,0.02912768476673877,0.044124388429769734,2.9275076140889382,1.063047463576137,4.111087779140624,2.135604550036638,4.384331988753487,1.1645074954357755
0a5ca9c3-8f16-4433-b6b2-cebd80ca26a8,,"BBG00H31MJH2,BBG000CGCCL7",3c47bb19-df27-4e7b-9ce4-dde59255f146,2023-11-06 00:00:00,2025-01-31 21:00:00,BX SMID Core Equity Index,eod,live,,0.43451366442923306,0.09253068691619193,1.8975208829470485,0.04017504794022475,"'-0.0018178335583103333",0.03402175378362182,0.14152267132228832,0.197198694649493,0.11539850901024089,0.14025846446023144,0.1279316941428812,0.09279633843892188,0.12387680117777533,,0.0735020239779387,0.061598994665280626,0.6556994548781346,0.6281826631659898,4.115011950379766,"'-0.7470476539804897",4.092878702396192,0.7567656051086673
0a5ca9c3-8f16-4433-b6b2-cebd80ca26a8,,"BBG00H31MJH2,BBG000CGCCL7",21b39a37-f5bc-44a4-81f0-08fc04e38f25,2023-11-03 00:00:00,2025-02-06 21:00:00,BX US SMID Momentum Index,realtime,live,,0.41835522263609315,0.20364676415566207,2.2891092838796925,0.0653732302217267,0.0092268576796668,0.05436913542031707,0.19969951165105854,0.24152335842279657,0.16226379991669218,0.20708427634349727,0.17861038851162844,0.20425984070919845,0.1396250298688031,,0.1318233212242017,0.04606967649932825,1.022835954982746,0.5781015582947623,5.347311988673741,3.6142047576705125,5.302663976742872,0.7152407350853448
0a5ca9c3-8f16-4433-b6b2-cebd80ca26a8,,BBG000Q126X6,eb672ae8-aed8-42f3-8a92-e5d49aa34e9e,2023-11-02 10:03:32,2025-01-31 21:00:00,BX/Thor Diversified Bond Index,eod,live,,0.127959400350032,0.04423312170239835,0.26939458488467594,0.01202625521904932,0.005083231175663894,0.015038431529630358,0.04429668429072265,0.03896477418243414,0.03904579309921728,0.03355275721320867,0.0420893959192027,0.04435729747192618,0.029851452453455662,,0.02206536500997691,0.012265522404245388,1.0013683457842064,0.7661138317827879,3.205594380265234,10.768379480725093,4.910354872150132,1.0159865577268878
0a5ca9c3-8f16-4433-b6b2-cebd80ca26a8,,BBG0025X2WK2,60de540b-5df7-4ed9-b436-b568975d3a1f,2023-11-02 10:02:23,2024-12-31 21:00:00,BX/Thor International Equity Index,eod,live,,0.23505372059174984,0.09319096486933676,1.332694971376629,0.012980483961595679,0.0006765163471378344,0.012943940804821086,0.0793899478755739,0.1273193389768587,0.057875705125131245,0.0742363222690017,0.06444214873027866,0.09345859188142702,0.11009682996208525,,0.10533912152034008,0.03328241732510828,1.1772093871116103,0.8647298269597222,2.3442395523910693,0.5657451556715059,2.726586476056912,1.0392000895382452
0a5ca9c3-8f16-4433-b6b2-cebd80ca26a8,,BBG001P2KBV4,f7cff4f2-529d-487a-abdf-fc5e299cd0e2,2023-11-02 10:00:58,2025-01-17 21:00:00,BX/Thor Low Volatility SDQ Index,eod,live,,0.17548980664601826,0.12322453740679662,2.5438327931862856,0.04078115372389646,0.008789873626802613,0.03544404000649237,0.114319365647795,0.12821866197897017,0.12643524283953653,0.11140558514114657,0.12969969261001,0.12358317359138682,0.16884248414389869,,0.1592078447196026,0.11381523610360489,1.0810344589571337,1.3168323669731592,3.8230323554267525,6.3101162343980075,4.242085067972852,1.5385313575250323
0a5ca9c3-8f16-4433-b6b2-cebd80ca26a8,,BBG007FJMVB1,f260f2e9-46ba-4f47-aa22-27bfc6122d7e,2023-11-02 09:59:46,2024-12-20 21:00:00,BX/Thor Next Gen Stock Index,eod,live,,0.6400662299403677,0.3925466673005533,2.3146544969307996,0.05269831744162068,0.00481802445505064,0.06291523219392903,0.2257921441226747,0.324663562409563,0.17692984301982337,0.14537911573023776,0.18493778285913604,0.3938140564229127,0.2646331320542148,,0.2034753946700949,0.08633856746736601,1.7441441904593027,0.8150995759739128,3.7285025683910025,2.336160532273092,6.247221262925773,0.9741788099596989
0a5ca9c3-8f16-4433-b6b2-cebd80ca26a8,,BBG001P2KBV4,08439126-3e24-44e5-932e-e11efb7295f6,2023-11-02 09:57:59,2025-02-03 21:00:00,BX/Thor Sector 100 Index,eod,live,,0.3221270279690499,0.09872510374590937,5.9271957766627175,0.025036010943181752,0.004837292952177608,0.02744140072220036,0.09550638146977092,0.14180823582061947,0.0898663682852382,0.0863492438865353,0.09029797973670219,0.09900933151938052,0.11406760831873552,0.094262887463747,0.10084439604488638,0.022923640412875868,1.0366776543692877,0.8043792919264965,3.0741474508853783,3.95130951120763,4.495919499096408,0.9761059579127552
0a5ca9c3-8f16-4433-b6b2-cebd80ca26a8,,"BBG0025X2G45,BBG001P2KBV4",ad9ad2e3-d048-4559-9cff-ea3bbbc75ae4,2023-10-31 00:00:00,2025-02-06 21:00:00,BX US Low Volatility Equity Index,realtime,live,,0.3144006856707101,0.18537709003820746,1.9169136266401368,0.06861248198170045,0.018667454077448076,0.059789472262254284,0.10472709466439553,0.15531089677615656,0.10374723847978795,0.03557558079891369,0.10982610162993724,0.1859310280716422,0.12470007123386595,,0.11005833991989245,0.0765916665505364,1.7753860991510335,0.8029061310076087,8.910648480651895,58.48478056816818,9.805655160824028,0.9559670560775373
ebda34fc-adcd-48f2-92d0-1642c5331a6b,true,"BBG000BDTF76,BBG000GM5KH5",4d753f65-0f4b-44d2-a492-5627f3848827,2023-08-25 08:57:16,2025-02-06 21:00:00,i1 US Mega Cap 50,eod,live,,0.29474699571931273,0.29394493938822364,3.598233464181938,0.030225635516536453,0.008757147269216281,0.024135352943332578,0.144673437731824,0.19304566428930134,0.16443114556648564,0.15553624325141932,0.16913596919451096,0.2948613186041502,0.16299109320565774,0.16398208858031382,0.17702863155931148,0.1490354376121772,2.038116486529643,0.8443136695439928,2.076579725337777,4.498145191177925,2.0698204315266024,1.0790668210979228
ebda34fc-adcd-48f2-92d0-1642c5331a6b,true,"BBG000BDTF76,BBG000GM5KH5",a445adb0-f38b-4df5-8789-4dff33855576,2023-08-24 12:52:43,2025-02-06 21:00:00,i1 US Mega Cap 40,eod,live,,0.2972572494930512,0.30154973093969684,3.6296395975185263,0.027957807438987903,0.008508986457785639,0.02192248378585626,0.15106740845047595,0.19667460565515804,0.17092805413096812,0.16214826491633152,0.176068032545801,0.30249246447953904,0.16377482806731347,0.164243367263472,0.17908656398334455,0.15975238658926205,2.002367470139692,0.8327197480414436,1.828878741410902,4.159004409160564,1.7823869973722344,1.0536049793778077
ebda34fc-adcd-48f2-92d0-1642c5331a6b,true,"BBG000BDTF76,BBG000GM5KH5",8f2b7881-b5cf-427f-b615-981736863f1d,2023-08-24 12:50:24,2025-02-06 21:00:00,i1 US Mega Cap 30,eod,live,,0.2996130382152833,0.3247200692568193,3.780102248984063,0.025547404293137843,0.00938864905844472,0.01945311389620752,0.15482833061075105,0.20099388102768417,0.18169365897123232,0.1774123842780204,0.18712899472367692,0.325743851557484,0.16746440399849982,0.16814293358595167,0.1878714260220209,0.17075823171508553,2.1039034023845815,0.8331816030530496,1.5551320915489082,4.31524789487693,1.4664663555906452,1.0563901820366068
ebda34fc-adcd-48f2-92d0-1642c5331a6b,true,"BBG000BDTF76,BBG000GM5KH5",43a6de42-676f-4fbf-b55a-32e4b4f423a0,2023-08-24 12:48:06,2025-01-08 21:00:00,i1 US Mega Cap 20,eod,live,,0.32674335826091894,0.35243417373136854,4.589410834042467,0.021861200324204022,0.008603884672473194,0.015586926518094568,0.16517666749847237,0.21203298799827533,0.20241011443944018,0.20387911343528928,0.20897782589773467,0.353556364522962,0.18567739643446268,0.186132149646566,0.21133895377217216,0.18554100357136494,2.1404740141414456,0.8757005133369765,1.1748345820626194,3.3548652435294843,1.028369541223506,1.1159796945527587
ebda34fc-adcd-48f2-92d0-1642c5331a6b,true,"BBG000BDTF76,BBG000GM5KH5",31536d1e-1eec-4354-b650-3d7d3624fdb9,2023-08-24 12:46:31,2024-12-13 21:00:00,i1 US Mega Cap 10,eod,live,,0.40902502515310657,0.29858738520292305,5.697808703782881,0.007795547373878442,0.005953734407273981,"'-0.00044619663805101073",0.19234650458861688,0.22354594875248412,0.24799506941073712,0.2632336312763146,0.2556394801413877,0.29951983816128536,0.20709724481914704,0.20796089560227182,0.19547898353574578,0.13835893877115768,1.5571888805668008,0.9264191365348807,0.3210316801617185,1.6522340853573638,"'-0.021911441996585932",1.1860870541421802
0a5ca9c3-8f16-4433-b6b2-cebd80ca26a8,,BBG000BDTF76,983a8e54-1900-4d8a-88bb-9f3e8a70df7a,2023-06-30 00:00:00,2025-02-06 21:00:00,BX US Large Cap Core Index,realtime,live,,0.30174691540385984,0.30923552649015007,3.241031489297436,0.05281676117569778,0.011805156558044372,0.048586309404266226,0.1263062726525585,0.17547687718184418,0.11765180694411465,0.08115521981788985,0.12149767046196434,0.3102050195296737,0.1718724105279017,,0.17408391401620826,0.15593424243831522,2.455974774768164,0.9794590221125987,5.622747821675554,12.839881280884908,6.723499181582167,1.172476970500894
0a5ca9c3-8f16-4433-b6b2-cebd80ca26a8,,BBG000BDTF76,e68ca1d1-807b-4233-b129-a619d074a204,2023-06-30 00:00:00,2025-02-05 21:00:00,BX US Dividend Yield Plus Momentum,realtime,live,,0.3724520073392632,0.3552388279735361,3.3670812302836843,0.06476189226287632,0.01897045537120734,0.05827186484087421,0.1583407254397924,0.1863429541101873,0.20079012619713885,0.1921773473023355,0.20838750342990972,0.35637106544453,0.17564617625666212,,0.20993774158223566,0.16774013304265334,2.2506595473445445,0.9425962848737494,4.268783857169527,11.119272814933746,4.98970859690431,1.1241900614450346
0a5ca9c3-8f16-4433-b6b2-cebd80ca26a8,,BBG000C1L8B0,2446051f-ab36-4056-9a4e-ad7012c25ae3,2023-06-30 00:00:00,2025-02-05 21:00:00,BX Dividend Growth Titans 50,realtime,live,,0.3917809913320042,0.24551244040499154,2.9347713837221288,0.019001187725461888,0.008274630951047746,0.03069901513247353,0.1456170479189866,0.19494690885376842,0.14208827915330155,0.18521902013333116,0.1552056559301515,0.2462638993514179,0.1622697991949973,,0.1524233386159326,0.11251885290722852,1.6911749199065327,0.8323794419162474,1.4360340138652261,3.514053851743087,2.9839199809155024,1.0219554693739998
0a5ca9c3-8f16-4433-b6b2-cebd80ca26a8,,BBG004FPTZY3,1b96acfd-a6f3-4010-b50c-da5bfc13fecc,2023-06-30 00:00:00,2025-01-31 21:00:00,BX US Large Cap Momentum Index,realtime,live,,0.3553542225067622,0.36404456950911124,3.300483939961298,0.08111391555091196,0.02283350284320762,0.06212607552308547,0.17529951813359854,0.20281263479917283,0.2255711673975262,0.14029947488309824,0.2310509702240509,0.3652084542712519,0.17366460554922392,,0.21035193902516736,0.18264500433365494,2.083339749929722,0.8562809990668895,5.135527466029257,21.018049393398595,4.913603472811846,1.0328901477885213
0a5ca9c3-8f16-4433-b6b2-cebd80ca26a8,,BBG000BDTF76,04221ecb-4b42-41b2-a4bb-c3e31d0c2527,2009-04-01 00:00:00,2025-02-06 21:00:00,BX/Dynalogic Sector Rotation Index,eod,live,,0.3496368693045631,0.19226922047192252,10.51016309477493,0.03154993634053116,0.006381516092572648,0.02547505394345495,0.11482017302280922,0.17245814382942368,0.10739660002155672,0.11196000903627398,0.11055331605711313,0.19284537765197274,0.16558912783034518,0.12604991920384223,0.13618627294432661,0.10475480216704791,1.679542649823944,0.9601699528560822,3.3386745806082416,4.220438697157645,3.3692210687469326,1.1791359764280358
,,true,BBG000BWDKM3,,,ISHARES S&P 500 GROWTH ETF,,active,,0.4917355453322373,0.2909846019694762,11.551068806128887,0.0408746338596937,0.01430077578323763,0.03062218999037425,0.14958583549833576,0.15811082403003604,0.1722252231080831,0.1269238863161678,0.17767281247745145,0.29280254280621154,0.12119250457552266,0.15363858337574898,0.16211727265443776,0.11702275397226347,1.9574215822691925,0.7665035288950233,2.909383028739363,14.335425009196141,2.7111807916498094,0.7901890711085948
,,true,BBG000KD8XJ7,,,ISHARES CORE AGGRESSIVE ALLO,,active,,0.28383879010898694,0.14049232711574855,3.55606705794918,0.0341992262851909,0.00981397248847693,0.03137208632756283,0.08290852520915075,0.1288126261947227,0.08555320318937999,0.09206980635380085,0.09089239673120093,0.14131868232845202,0.09781795722089925,0.07966005278723665,0.08138967880858483,0.05748145033791752,1.704513281016057,0.759381747818963,4.7488066443418075,11.295279639109866,5.4550079704906,0.780707549575854
,,true,BBG005D26798,,,PROSHARES S&P 500 DIVIDEND A,,active,,0.3542775287300717,0.08570203554329225,2.100396614430032,0.0205926203869371,"'-0.007327796885015392",0.026573681125385384,0.08768944769334643,0.1326006266106195,0.10877200362216366,0.05056275460531483,0.11846276298539309,0.08619401375776481,0.10498619495507655,0.0948596900970251,0.08121195684273341,0.04174129346295952,0.9829462498063483,0.7917473517177829,2.110574027917198,"'-8.216357746916229",3.4407208770030913,0.8163177336339029
,,true,BBG000TH7FP2,,,ISHARES MSCI ACWI EX US ETF,,active,,0.6059333114005767,0.08009472249525307,0.5782646920558294,0.04965491104610109,0.01426455102433244,0.04285714285714293,0.10929056916756774,0.18164339274302105,0.10671826953608263,0.1586334000518728,0.11807780921955495,0.08055333190245473,0.027430226353372333,0.047595516759771694,0.045356470163090856,0.013918877626841075,0.7370565687049156,0.1510114182472857,5.945689069635566,11.42361250110996,6.1664305731706115,0.15570067133795862
,,true,BBG000CGCCL7,,,ISHARES RUSSELL 2000 ETF,,active,,0.590384598238445,0.1640099365518226,6.981263244557571,0.041002884156887465,0.01563055727526863,0.037481382467857705,0.17005903212091608,0.19700271693940802,0.13503195909262963,0.1843830285536348,0.1443582441674365,0.16498433435451276,0.09847432173700632,0.08173741012308589,0.08096046177175098,0.04968803382024145,0.9701591988198834,0.4998627595948029,3.7246398224531494,11.402839749841393,4.263899805497294,0.5545238054178958
,,true,BBG000D2LV99,,,ISHARES MSCI EAFE ETF,,active,,0.6102883842764897,0.0859343389646805,3.3655623798323733,0.0629546633752942,0.014260536512825439,0.05444767068242551,0.10833843298576372,0.17268169348133935,0.10816579786553628,0.1700369515695854,0.11888150461958417,0.08642770307218384,0.06891054574484912,0.05431806527909999,0.05798487783563555,0.03601645000908449,0.7977566288367944,0.39906109533432305,7.923738165352507,10.652708425151172,8.377595572247753,0.4181384931151232
,,true,BBG007FJMVB1,,,ARK INNOVATION ETF,,active,,0.8091682329853994,0.2647711439345506,2.41054939110045,0.10480889052248998,"'-0.002385839251312083",0.0639525090580455,0.29495593100018064,0.3122346773433337,0.28244115113417556,0.2643846099924694,0.24970361462639887,0.26640902780380227,0.12680234816717406,0.12709973277239328,0.02634837793999001,"'-0.05996867210111467",0.9032163784617679,0.40611231669101894,6.18592030641922,"'-0.6052455902624491",4.980412712786642,0.4672103495230949
,,true,BBG001VDB555,,,FIRST TRUST CLOUD COMPUTING,,active,,0.5320404661547253,0.3320960902557628,5.6290404548747635,0.08462050007759414,0.006779358721842987,0.07015649263478752,0.18640008770852273,0.2011820191032567,0.19683043172434367,0.17406045406218595,0.20015769186440796,0.3342023459245371,0.14921367315135026,0.1664126912778523,0.14263761329612823,0.10438651310971303,1.7929301967235955,0.7416849369364681,6.496205005105708,3.6630146383153734,7.095829077748069,0.8107035590482123
,,true,BBG000BDTF76,,,SPDR S&P 500 ETF TRUST,,active,,0.5518826141378063,0.22113917010403283,9.336174717037059,0.03453451686490827,0.007477318708641212,0.028550132094952607,0.10569977296226712,0.15454234961493118,0.10827870133611833,0.0928627597824108,0.11053526673507288,0.22248406593990633,0.11139224361689948,0.13275306162131217,0.1427723050502694,0.11356544629727727,2.1048679642796304,0.7207878222018261,3.794882831396995,7.780983662760704,4.010816904705837,0.733881362965877
,,true,BBG000BWDXQ1,,,ISHARES RUSSELL 3000 ETF,,active,,0.5561149076717887,0.2197871111495533,9.272404124566503,0.03907254318203068,0.008244538937575152,0.03160359909256738,0.10836928878761504,0.15680936099155787,0.10892831574977342,0.0887360912979895,0.11162369059210207,0.2211230644895792,0.11108127103709942,0.12668806354995898,0.13646910400924805,0.1069609721446858,2.0404587587812073,0.7083841827726068,4.3599986325085744,9.252115230906304,4.481142232744604,0.7201811309428423
,,true,BBG000Q126X6,,,ISHARES CORE U.S. AGGREGATE,,active,,0.18428719044706057,0.036028333130545764,0.8615764621268913,0.008978277641772392,0.00710748659865601,0.016742854821577113,0.043820669015592895,0.04339728715093162,0.041853257324030786,0.03704312328676513,0.04335701688130521,0.03623038972737436,0.029491032560865715,0.012999316202829014,"'-0.005558289714038489","'-0.010369844162661623",0.8267876904043236,0.6795593572081757,2.2664128938401826,18.276217742419036,5.573691806717026,0.6814039176024538
,,true,BBG00B6WD8K4,,,SPDR PORTFOLIO S&P 500 HIGH,,active,,0.4642408916771332,0.18506494377759486,1.1899999618530273,0.012950914358373478,"'-0.0070279158694517285",0.021931838854942987,0.10330432269198689,0.16728185802560977,0.10493048224299714,0.05866151456109586,0.11307900650170043,0.1861741190400399,0.08793137586948241,,0.0691132730327999,0.04410207296931645,1.802190984738735,0.52564801053334,1.3280975642411401,"'-6.859851209362685",2.890450446211766,0.530570445394367
,,true,BBG004TRTXH8,,,ISHARES MSCI USA QUALITY FAC,,active,,0.3406247130438738,0.17816977022006575,3.395803687340708,0.0352650421985885,0.00545375216334687,0.03000164787073878,0.10659842952621382,0.1427734295941546,0.09312745789492305,0.07158576279731828,0.09838743976669607,0.1792345778191644,0.13659322788782413,0.13110160059591602,0.13601535612179205,0.12047130159807029,1.681399797499723,0.9567132223138562,4.521104486926671,6.8088777070412325,4.778206263040639,0.9862841020493618
,,true,BBG0025X2WK2,,,ISHARES MSCI EAFE MIN VOL FA,,active,,0.27559637076394217,0.0995665080412611,1.080622524088708,0.040164106972938596,0.010024764625005567,0.03825531979054708,0.08172553582340666,0.10964283572363544,0.08950788739395789,0.10752257162341966,0.10075025629213491,0.10014168032340498,0.05659139984669137,0.04149502379130943,0.018394414512677093,0.023240800194005873,1.2253413735921181,0.5161431613218674,5.4823380964926764,9.96325087690002,6.266085981185147,0.5339388126351677
,,true,BBG001P2KBV4,,,INVESCO S&P 500 LOW VOLATILI,,active,,0.36263735817939546,0.15478288529130113,2.968612351342864,0.02957142421177461,0.010232736114479835,0.036083988273808876,0.08009581793606957,0.1218702352046846,0.11208501309585382,0.08373926173330214,0.11777019701985646,0.15569888209350258,0.10528571195145231,0.08755096941410057,0.05358654395788265,0.05171403018570442,1.9439077607994144,0.8639165402005001,3.0669836289122148,13.167540006692189,4.987615955200725,0.8548387363271217
,,true,BBG000KD78D9,,,ISHARES CORE GROWTH ALLOCATI,,active,,0.24464190051297013,0.11390258312080714,2.5739394679214014,0.028785790904808595,0.008034208900908224,0.026994132727020892,0.06746237364027491,0.10884851121263842,0.07118133230154466,0.08004776777890901,0.07571249144891153,0.11456479821226528,0.08153670257631362,0.06397362850045107,0.06096502380243263,0.041430488641214236,1.6982028948929588,0.7490842241932877,4.683852088874348,9.912489501626148,5.4829925729632585,0.7142583488196987
,,true,BBG00H31MJH2,,,ISHARES RUSSELL 2500 ETF,,active,,0.41060608024752265,0.15687878267664446,0.9454710935972626,0.04000001795151653,0.0058313707345487575,0.03482594396179284,0.14347636923671075,0.1870691605513815,0.12035399304023658,0.15669957034941112,0.1274627971641063,0.1578080093293217,0.09154913760303285,,0.09420005189316916,0.05566629002463075,1.0998885054650795,0.4893865847967358,4.057446712299904,3.374323333529887,4.412656012130735,0.5065590118447022
,,true,BBG000CG9YX0,,,ISHARES RUSSELL 1000 VALUE E,,active,,0.634094013240096,0.16414149051837934,5.920612062672936,0.05007286106614539,0.004443529193886686,0.043870473910649244,0.09343071854392802,0.22631925651220408,0.09008775014639524,0.06914076132349442,0.09826720153379165,0.1651167239086755,0.09141441600250144,0.08769470572727633,0.09263204277894133,0.07112879993053567,1.7672637702239558,0.40391797592164674,7.116665044939701,5.527506376963305,7.633640837765652,0.39467973084362673
,,true,BBG000GM5KH5,,,VANGUARD TOT WORLD STK ETF,,active,,0.5027134909428448,0.17137656379201438,2.4927164993346342,0.040857978253368676,0.0099942106840889,0.0358322373417006,0.10029261083404921,0.17276868641486684,0.10328245411771797,0.11771461936224224,0.10762283410410944,0.17239787866207368,0.07811917034479543,0.09543651875772241,0.10344127724909447,0.07314560522519709,1.7189489557444528,0.4521604693874273,4.849087223683041,9.061791511226648,5.411229539892757,0.45308230779470854
,,true,BBG000CFBL30,,,ISHARES USTECHNOLOGY ETF,,active,,0.548714465710407,0.20670645397900222,22.068376478831997,0.01517049964976147,0.014216849116883257,0.005588730705386347,0.18522309901180903,0.1905753618731112,0.22030081757674166,0.1914679082319955,0.230474579510931,0.2079563226305743,0.1524788270378168,0.208238141997787,0.20891806028611803,0.1537717965900014,1.1227342795798696,0.8000972714371135,0.74863685702046,9.414256016989032,0.3269531579591564,0.8867128878789683
,,true,BBG000BWCST0,,,ISHARES CORE S&P SMALL-CAP E,,active,,0.6226880637225575,0.12084903357163923,8.474481492824285,0.031157752993024257,0.0031239033228704916,0.02963860115291861,0.1610897160551203,0.2542067673371758,0.12163813551343435,0.17625293909461517,0.13245250982760362,0.12155379335273153,0.10702625542773081,0.09151684392468229,0.09062288697297816,0.046841192021564115,0.7545720256353254,0.4210204808818992,2.999907162258832,1.4507295995411351,3.4984238184230985,0.4399695061193183
,,true,BBG000C1L8B0,,,ISHARES SELECT DIVIDEND ETF,,active,,0.6259370290905455,0.21490954183998578,4.629537184267946,0.02780112226313114,0.0014100366709184353,0.03102076258500297,0.10510985930343096,0.1570131265954242,0.10635237120674203,0.04488222872519734,0.11755923936581193,0.2162133041600638,0.0846514471456905,0.09132268601205151,0.0879796090854068,0.05552298763653818,2.057022106136586,0.5391361154396468,3.013753154007744,2.413793364331554,4.161223243007943,0.546944146030852
,,true,BBG005YW3DX2,,,FIRST TRUST DW FOCUS 5 FUND,,active,,0.34039886485417425,0.14463793767183186,2.3034763325924787,0.057229887822971115,0.002569040631794195,0.04835455317349058,0.162105137126593,0.17215368497076106,0.11190213821359747,0.14514378154045168,0.12022072721426456,0.14549019572865451,0.11551344474976388,0.11204037311591541,0.14138121338653176,0.09472901049148796,0.8975051519498525,0.6709902536758532,6.774944877038599,1.4192023730431227,7.076250974915361,0.7076312496098552
,,true,BBG004FPTZY3,,,ISHARES MSCI USA MOMENTUM FA,,active,,0.34080060602885476,0.2715355366328136,4.10596507147214,0.09216125794012697,0.03130561975764201,0.07727145966342208,0.159736642225605,0.15934539206593482,0.17053762250223817,0.11803374006098287,0.18234301758863175,0.27321959822951336,0.14798712047540108,0.13844703781030954,0.12140769358282055,0.11003689431856367,1.7104378458364615,0.9287191713342181,8.470114379260767,71.93096317396432,8.98662375555772,0.9570528041429639
,,true,BBG002XRNHP9,,,VANECK MORNINGSTAR WIDE MOAT,,active,,0.33320991942740846,0.08189049748595045,4.263517641618196,"'-0.0026959990396819844","'-0.03212977076684398","'-0.00010806040725241939",0.09718729722191309,0.14469438881019323,0.09291953736205665,0.07273548719349723,0.1018343788092807,0.08235977592856991,0.13860694006751073,0.13167994456258558,0.11577009334160437,0.08085864394974007,0.8474335461815891,0.9579289232102298,"'-0.2905755642378249","'-12.481074704521438","'-0.013823710073049292",1.0272435907972337
,,true,BBG0025X2G45,,,ISHARES MSCI USA MIN VOL FAC,,active,,0.33744767857228847,0.15892973882972594,3.5443012053799974,0.048766773132192576,0.012724370170435373,0.04629216569193284,0.07438621347577656,0.13074536126861167,0.07782707310131907,0.06540775155008134,0.08278932022995755,0.15987193203291516,0.12046424471450368,0.10102413917037834,0.07959950936688065,0.08433662680448473,2.149214546119847,0.9213653436393372,7.973390524468628,23.191094301257298,9.709090345997048,0.9583064333225234
,,true,BBG000DVN6Y0,,,INVESCO AI AND NEXT GEN SOFT,,active,,0.5019170548676181,0.10550780953569738,9.164530222154161,0.051735577631451646,0.00549563124045882,0.022351191549785376,0.19999405122154687,0.19414500446129956,0.20633225412920067,0.13552444400592906,0.20981133131910237,0.10611893003205108,0.12533454334679006,0.14307344324310156,0.08119902179261151,0.07581795380467837,0.5306104325797971,0.645571817284508,3.235862298690901,3.62995861551504,1.5917369943319837,0.7286586270146564
,,true,BBG000BWCBM4,,,ISHARES CORE S&P MIDCAP ETF,,active,,0.6039957749012471,0.15737269983779822,9.090202019520364,0.04124531894535588,0.0035575517727868267,0.03345011970299083,0.13215280631465068,0.2665779650591134,0.1125341516221598,0.14477290523113343,0.12083320172730888,0.1583050472909484,0.11018251164239756,0.09819753956501565,0.11139520561155214,0.07863404422600628,1.1978939509920832,0.41332190234839816,4.500837685685257,2.0442039228891877,4.432439363914419,0.4076162113187877
,,true,BBG006MJBT59,,,AMUNDI ETF STOXX EUROPE 50 U,,active,,0.32201956217652367,0.1362313885199815,1.1005380531768032,0.08832751846771991,0.011987715599454773,0.05666445110525231,0.09228016958675317,0.13528387825129362,0.08620724191907254,0.08113940464325965,0.07891262163051256,0.13703120735357643,0.07218006040215208,0.06933956092113958,0.0894120642959797,0.10223181518532543,1.4849475024507028,0.533545174304329,15.76267759195082,17.089983378486814,13.32280756965368,0.5546035614239601